threshold,precision,recall,f1,map_05,coco_map
0.3,0.5,0.4,0.45,0.0076019316161779395,0.0027896757765304083
0.4,0.5,0.4,0.45,0.0076019316161779395,0.0027896757765304083
0.5,0.5,0.4,0.45,0.0076019316161779395,0.0027896757765304083
0.6,0.5,0.4,0.45,0.0076019316161779395,0.0027896757765304083
0.7,0.5,0.4,0.45,0.0076019316161779395,0.0027896757765304083
0.8,0.5,0.4,0.45,0.0076019316161779395,0.0027896757765304083
0.9,0.5,0.4,0.45,0.0076019316161779395,0.0027896757765304083
